<?xml version="1.0"?>
<map proto="1.3.2">
<name>Sleeping Tale</name>
<version>2.1.1</version>
<objective>
    Attackers must destroy the monument within 20 minutes. Defenders must defend it.
</objective>
<authors>
    <author>orky48</author>
    <author>OllieGamerZ</author>
    <author>Captain_Elliott</author>
</authors>
<contributors>
    <contributor contribution="Back wall design and feedback">Lyzak</contributor>
    <contributor contribution="Aestheics and moral help">Push_red_button</contributor>
</contributors>
<teams>
    <team color="dark red" max="8" max-overfill="12">Attackers</team>
    <team color="blue" max="12" max-overfill="10">Defenders</team>
</teams>
<kits>
    <kit name="spawn">
        <item slot="2">wood pickaxe</item>
        <item slot="8" amount="20">apple</item>
        <potion duration="2" amplifier="1">heal</potion>
    </kit>
    <kit name="Tier-1" parents="spawn">
        <item slot="0">stone sword</item>
        <item slot="1">bow</item>
        <item slot="28" amount="16">arrow</item>
        <item slot="3" amount="16">wood</item>
        <leggings>leather leggings</leggings>
        <chestplate>iron chestplate</chestplate>
    </kit>
    <kit name="Tier-2" parents="spawn">
        <item slot="0" enchantment="damage all:1">stone</item>
        <item slot="1">bow</item>
        <item slot="28" amount="32">arrow</item>
        <item slot="3" amount="32">log</item>
        <chestplate>iron chestplate</chestplate>
        <leggings>chainmail leggings</leggings>
    </kit>
    <kit name="Tier-3" parents="spawn">
        <item slot="0" enchantment="damage all:1">stone sword</item>
        <item slot="1">bow</item>
        <item slot="28" amount="48">arrow</item>
        <item slot="3" amount="48">log</item>
        <chestplate>iron chestplate</chestplate>
        <leggings enchantment="protection environmental:1">chainmail leggings</leggings>
    </kit>
    <kit name="Tier-4" parents="spawn">
        <item slot="0" enchantment="damage all:1">stone sword</item>
        <item slot="1">bow</item>
        <item amount="64" slot="28">arrow</item>
        <item amount="64" slot="3">log</item>
        <helmet enchantment="protection projectile:1">leather helmet</helmet>
        <chestplate enchantment="protection environmental:1">iron chestplate</chestplate>
        <leggings enchantment="protection environmental:1">chainmail leggings</leggings>
        <boots enchantment="protection projectile:1">leather boots</boots>
    </kit>
    <kit name="Tier-5" parents="spawn">
        <item slot="0" enchantment="damage all:1">iron sword</item>
        <item slot="1" enchantment="arrow knockback:1;arrow damage:1">bow</item>
        <item slot="28" amount="64">arrow</item>
        <item slot="3" amount="64">log</item>
        <helmet enchantment="protection environmental:1">iron helmet</helmet>
        <chestplate enchantment="protection environmental:1">iron chestplate</chestplate>
        <leggings enchantment="protection environmental:1">iron leggings</leggings>
        <boots enchantment="protection environmental:1">iron boots</boots>
    </kit>
</kits>
<spawns>
    <spawn team="attackers" yaw="0">
        <cuboid min="141,34,-151" max="144,34,-147"/>
    </spawn>
    <spawn team="defenders" kit="spawn" yaw="180">
        <block>175.5,16,84.5"</block>
    </spawn>
    <default yaw="-90">
        <block>104.5,46,-45.5</block>
    </default>
</spawns>
<filters>
    <filter name="no-void">
        <deny>
            <void/>
        </deny>
    </filter>
    <filter name="portal-defender">
        <team>defenders</team>
    </filter>
    <!-- For timed kits --> 
    <filter name="Tier-1-only">
        <block>95:0</block>
    </filter>
    <filter name="Tier-2-only">
        <block>95:1</block>
    </filter>
    <filter name="Tier-3-only">
        <block>95:2</block>
    </filter>
    <filter name="Tier-4-only">
        <block>95:3</block>
    </filter>
    <filter name="Tier-5-only">
        <block>95:4</block>
    </filter>
    <filter name="no-lava">
        <not><block>lava</block></not>
    </filter>
</filters>
<regions>
    <union name="spawns">
        <rectangle name="Defenders-spawn" min="165,58" max="186,95"/>
        <rectangle name="Attackers-spawn" min="114,-91" max="171,-119"/>
        <rectangle name="Attackers-air-spawn" min="123,-155" max="165,-126"/>
    </union>
    <rectangle name="defenders-area" min="96,95" max="189,20"/>
    <apply block="no-void" message="You may not edit this area!">
        <negative>
            <cuboid min="106,0,3" max="179,35,20"/>
        </negative>
    </apply>
    <union name="portals">
        <cylinder base="142.5,16,-1.5" radius="4" height="2"/>
        <cylinder base="142.5,27,27.5" radius="2" height="2"/>
    </union>
    <apply block="deny-blocks">
        <region name="portals"/>
    </apply>
    <apply block="deny-all" message="You may not interact with blocks in spawn!">
        <region name="spawns"/>
    </apply>
    <!-- Protecting and applying kits  -->
    <apply block="Tier-1-only" message="This kit will unlock one minute into the game">
        <cuboid name="kit-room-1" min="156,34,-142" max="157,36,-137"/>
    </apply>
    <apply block="Tier-2-only" message="This kit will unlock four minutes into the game">
        <cuboid name="kit-room-2" min="128,34,-142" max="129,36,-137"/>
    </apply>
    <apply block="Tier-3-only" message="This kit will unlock seven minutes into the game">
        <cuboid name="kit-room-3" min="148,34,-132" max="153,36,-131"/>
    </apply>
    <apply block="Tier-4-only" message="This kit will unlock thirt-teen minutes into the game">
        <cuboid name="kit-room-4" min="131,34,-132" max="137,36,-131"/>
    </apply>
    <apply block="Tier-5-only" message="This kit will unlock seven-teen minutes into the game">
        <cuboid name="kit-room-5" min="140,34,-132" max="145,36,-131"/>
    </apply>
    <!-- Applying Kits  -->
    <apply kit="Tier-1">
        <cuboid name="apply-kit-1" min="157,34,-142" max="161,36,-137"/>
    </apply>
    <apply kit="Tier-2">
        <cuboid name="apply-kit-2" min="124,34,-142" max="127,36,-137"/>
    </apply>
    <apply kit="Tier-3">
        <cuboid name="apply-kit-3" min="152,34,-131" max="147,36,-127"/>
    </apply>
    <apply kit="Tier-4">
        <cuboid name="apply-kit-4" min="131,34,-131" max="137,36,-127"/>
    </apply>
    <apply kit="Tier-5">
        <cuboid name="apply-kit-5" min="140,34,-131" max="145,36,-127"/>
    </apply>
    <apply block="deny-all">
        <cuboid min="140,20,-4" max="145,16,1"/>
    </apply>
    <apply block="deny-lava">
        <rectangle min="-oo,-oo" max="oo,oo"/>
    </apply>
</regions>
<modes>
    <mode after="1m" material="95" name="`eAttackers Released"/>
    <mode after="5m" material="95:1" name="`eTier 2 Kit Unlocked"/>
    <mode after="7m" material="95:2" name="`eTier 3 Kit Unlocked"/>
    <mode after="13m" material="95:3" name="`eTier 4 Kit Unlocked"/>
    <mode after="17m" material="95:4" name="`eTier 5 Kit Unlocked"/>
</modes>
<destroyables name="Monument" materials="emerald block;beacon;gold block;cobble wall">
    <destroyable owner="defenders">
        <cuboid min="106,16,72" max="109,20,75"/>
    </destroyable>
</destroyables>
<destroyables materials="95:1;95:2;95:33;95:4;95:5;95:15" owner="defenders" completion="0%" mode-changes="true" show="false">
    <destroyable name="Tier 1">
        <region name="kit-room-1"/>
    </destroyable>
    <destroyable name="Tier 2">
        <region name="kit-room-2"/>
    </destroyable>
    <destroyable name="Tier 3">
        <region name="kit-room-3"/>
    </destroyable>
    <destroyable name="Tier 4">
        <region name="kit-room-4"/>
    </destroyable>
    <destroyable name="Tier 5">
        <region name="kit-room-5"/>
    </destroyable>
</destroyables>
<time result="defenders">20m</time>
<maxbuildheight>35</maxbuildheight>
<difficulty>3</difficulty>
<toolrepair>
    <tool>iron helmet</tool>
    <tool>iron chestplate</tool>
    <tool>iron leggings</tool>
    <tool>iron boots</tool>
    <tool>diamond chestplate</tool>
    <tool>diamond leggings</tool>
    <tool>chainmail helmet</tool>
    <tool>chainmail chestplate</tool>
    <tool>chainmail leggings</tool>
    <tool>chainmail boots</tool>
    <tool>leather helmet</tool>
    <tool>leather chestplate</tool>
    <tool>leather leggings</tool>
    <tool>leather boots</tool>
    <tool>wood sword</tool>
    <tool>iron sword</tool>
    <tool>stone sword</tool>
    <tool>bow</tool>
    <tool>wood pickaxe</tool>
</toolrepair>
<blockdrops>
    <rule>
        <block>coal ore</block>
        <drops>
            <item amount="2">TNT</item>
        </drops>
        <wrongtool>true</wrongtool>
    </rule>
    <rule>
        <block>iron ore</block>
        <drops>
            <item amount="2">iron ingot</item>
        </drops>
        <wrongtool>true</wrongtool>
    </rule>
    <!-- Defenders Drops -->
    <rule>
        <block>anvil</block>
        <drops>
            <item>iron pickaxe</item>
            <item>stone sword</item>
            <item>bow</item>
            <item amount="64">arrow</item>
        </drops>
        <wrongtool>true</wrongtool>
    </rule>
    <rule>
        <block>iron block</block>
        <drops>
            <item>chainmail helmet</item>
            <item>iron chestplate</item>
            <item>iron leggings</item>
            <item>chainmail boots</item>
            <item amount="16">log</item>
            <item amount="5">iron ingot</item>
        </drops>
        <wrongtool>true</wrongtool>
    </rule>
</blockdrops>
<renewables>
    <renewable rate="1" grow="false" particles="true" sound="true" avoid-entities="true">
        <region>
            <cuboid min="183,14,26" max="100,19,57"/>
        </region>
        <renew>anvil</renew>
        <renew>iron block</renew>
        <renew>bookshelf</renew>
        <replace>air</replace>
    </renewable>
</renewables>
<include src="tutorial.xml"/>
<tutorial>
    <stage title="A/D the Monument">
        <message>
            <line>
                `rThis map is a `a`lAttack/Defend the Monument `r(DTM) map
            </line>
            <line>
                The objective for the attackers is to destroy the monument on the other team's side. Defends must guard it for 20 minutes
            </line>
        </message>
        <teleport>
            <point yaw="0" pitch="50">108,26,55</point>
        </teleport>
    </stage>
    <stage title="Attackers Spawn">
        <message>
            <line>
                This is where the `dattackers 'rwill spawn. They get delayed for one minute
            </line>
        </message>
        <teleport>
            <point yaw="0" pitch="50">143,34,-150</point>
        </teleport>
    </stage>
    <stage title="Coal and Iron Cave">
        <message>
            <line>
                This cave is rich in iron and coal ore. Coal ore drops two `l`4TNT `r blocks.
            </line>
        </message>
        <teleport>
            <point yaw="0" pitch="50">145,20,-37</point>
        </teleport>
    </stage>
    <stage title="Monument">
        <message>
            <line>
                This is the `lmonument `ryou must defend or destory this whithin 20 minutes
            </line>
        </message>
        <teleport>
            <point yaw="0" pitch="50">107,20,57</point>
        </teleport>
    </stage>
</tutorial>
<portals>
    <!--  Portal low to high  -->
    <portal y="11" z="29" filter="portal-defender">
        <cuboid name="portal-1" min="142,19,-2" max="143,16,-1"/>
    </portal>
    <!--  Portal high to low  -->
    <portal y="-11" z="-29" filter="portal-defender">
        <cuboid name="portal-2" min="142,30,27" max="143,27,28"/>
    </portal>
    <!-- Spawn portals -->
    <portal x="@142" y="@20" z="@-109">
        <region name="apply-kit-1"/>
    </portal>
    <portal x="@142" y="@20" z="@-109">
        <region name="apply-kit-2"/>
    </portal>
    <portal x="@142" y="@20" z="@-109">
        <region name="apply-kit-3"/>
    </portal>
    <portal x="@142" y="@20" z="@-109">
        <region name="apply-kit-4"/>
    </portal>
    <portal x="@142" y="@20" z="@-109">
        <region name="apply-kit-5"/>
    </portal>
</portals>
</map>
